organization,key,name,tags,visibility,isNew,repo_url,eligibilityStatus,eligible
onap,onap_vfc-nfvo-wfengine-wfenginemgrservice,vfc-nfvo-wfengine-wfenginemgrservice,[],public,False,,,
onap,onap_dcaegen2-services-bbs-event-processor,dcaegen2-services-bbs-event-processor,[],public,False,,,
apache,apache_sling-org-apache-sling-scripting-bundle-tracker,Apache Sling Scripting Bundle Tracker,['sling'],public,False,https://github.com/apache/sling-org-apache-sling-scripting-bundle-tracker,,
apache,apache_sling-org-apache-sling-scripting-core,Apache Sling Scripting Core,['sling'],public,False,https://github.com/apache/sling-org-apache-sling-scripting-core,,
apache,apache_sling-org-apache-sling-scripting-esx,Apache Sling Scripting ESX,['sling'],public,False,https://github.com/apache/sling-org-apache-sling-scripting-esx,,
apache,apache_sling-org-apache-sling-scripting-sightly-compiler,Apache Sling Scripting HTL Compiler,['sling'],public,False,https://github.com/apache/sling-org-apache-sling-scripting-sightly-compiler,,
apache,apache_sling-org-apache-sling-scripting-sightly,Apache Sling Scripting HTL Engine,['sling'],public,False,https://github.com/apache/sling-org-apache-sling-scripting-sightly,,
apache,apache_sling-org-apache-sling-scripting-sightly-compiler-java,Apache Sling Scripting HTL Java Compiler,['sling'],public,False,https://github.com/apache/sling-org-apache-sling-scripting-sightly-compiler-java,,
apache,apache_sling-org-apache-sling-scripting-sightly-js-provider,Apache Sling Scripting HTL JS Use Provider,['sling'],public,False,https://github.com/apache/sling-org-apache-sling-scripting-sightly-js-provider,,
apache,apache_sling-org-apache-sling-scripting-java,Apache Sling Scripting Java Support,['sling'],public,False,https://github.com/apache/sling-org-apache-sling-scripting-java,,
apache,apache_sling-org-apache-sling-scripting-javascript,Apache Sling Scripting JavaScript,['sling'],public,False,https://github.com/apache/sling-org-apache-sling-scripting-javascript,,
apache,apache_sling-org-apache-sling-scripting-jsp,Apache Sling Scripting JSP,['sling'],public,False,https://github.com/apache/sling-org-apache-sling-scripting-jsp,,
onap,onap_policy-engine,policy-engine,[],public,False,,,
apache,apache_incubator-daffodil,incubator-daffodil,[],public,False,https://github.com/apache/incubator-daffodil,,
apache,apache_sling-org-apache-sling-commons-html,Apache Sling Commons HTML Utilities,['sling'],public,False,https://github.com/apache/sling-org-apache-sling-commons-html,,
onap,onap_optf-fgps,fgps,[],public,False,,,
apache,apache_sling-org-apache-sling-hapi,Apache Sling Hypermedia API tools,['sling'],public,False,https://github.com/apache/sling-org-apache-sling-hapi,,
apache,apache_sling-org-apache-sling-i18n,Apache Sling I18N Support,['sling'],public,False,https://github.com/apache/sling-org-apache-sling-i18n,,
apache,apache_sling-org-apache-sling-jcr-contentloader,Apache Sling Initial Content Loader,['sling'],public,False,https://github.com/apache/sling-org-apache-sling-jcr-contentloader,,
apache,apache_sling-org-apache-sling-installer-core,Apache Sling Installer Core,['sling'],public,False,https://github.com/apache/sling-org-apache-sling-installer-core,,
apache,apache_sling-org-apache-sling-jcr-jackrabbit-accessmanager,Apache Sling Jackrabbit JSR-283 Access Control Manager Support,['sling'],public,False,https://github.com/apache/sling-org-apache-sling-jcr-jackrabbit-accessmanager,,
apache,apache_sling-org-apache-sling-jcr-jackrabbit-usermanager,Apache Sling Jackrabbit UserManager Support,['sling'],public,False,https://github.com/apache/sling-org-apache-sling-jcr-jackrabbit-usermanager,,
apache,apache_sling-org-apache-sling-jcr-base,Apache Sling JCR Base Bundle,['sling'],public,False,https://github.com/apache/sling-org-apache-sling-jcr-base,,
apache,apache_sling-org-apache-sling-jcr-classloader,Apache Sling JCR ClassLoader,['sling'],public,False,https://github.com/apache/sling-org-apache-sling-jcr-classloader,,
apache,apache_sling-org-apache-sling-installer-provider-jcr,Apache Sling JCR Installer,['sling'],public,False,https://github.com/apache/sling-org-apache-sling-installer-provider-jcr,,
apache,apache_sling-org-apache-sling-jcr-resource,Apache Sling JCR Resource Resolver,['sling'],public,False,https://github.com/apache/sling-org-apache-sling-jcr-resource,,
apache,servicecomb-pack,Apache ServiceComb Pack,['servicecomb'],public,False,,,
apache,commons-numbers,Apache Commons Numbers,[],public,False,,,
apache,commons-rng,Apache Commons RNG,[],public,False,https://github.com/apache/commons-rng,,
apache,commons-statistics,Apache Commons Statistics,[],public,False,,,
apache,cxf,Apache CXF,[],public,False,,,
onap,onap_usecase-ui-server,usecase-ui-server-parent,[],public,False,,,
apache,apache_sling-parent,Apache Sling Parent Reactor,['sling'],public,False,https://github.com/apache/sling-parent,,
apache,apache_sling-org-apache-sling-pipes,Apache Sling Pipes,['sling'],public,False,https://github.com/apache/sling-org-apache-sling-pipes,,
apache,apache_sling-org-apache-sling-provisioning-model,Apache Sling Provisioning Model,['sling'],public,False,https://github.com/apache/sling-org-apache-sling-provisioning-model,,
apache,apache_sling-org-apache-sling-query,Apache Sling Query,['sling'],public,False,https://github.com/apache/sling-org-apache-sling-query,,
apache,apache_sling-org-apache-sling-resource-filter,Apache Sling Resource Filter,['sling'],public,False,https://github.com/apache/sling-org-apache-sling-resource-filter,,
apache,apache_sling-org-apache-sling-resourcemerger,Apache Sling Resource Merger,['sling'],public,False,https://github.com/apache/sling-org-apache-sling-resourcemerger,,
apache,apache_sling-org-apache-sling-resourceresolver,Apache Sling Resource Resolver,['sling'],public,False,https://github.com/apache/sling-org-apache-sling-resourceresolver,,
apache,apache_sling-org-apache-sling-discovery-impl,Apache Sling Resource-Based Discovery Service,['sling'],public,False,https://github.com/apache/sling-org-apache-sling-discovery-impl,,
apache,apache_sling-org-apache-sling-rewriter,Apache Sling Rewriter,['sling'],public,False,https://github.com/apache/sling-org-apache-sling-rewriter,,
onap,onap_policy-distribution,policy-distribution,[],public,False,,,
onap,onap_policy-pap,policy-pap,[],public,False,,,
apache,apache_groovy,Apache Groovy,[],public,False,https://github.com/apache/groovy,COMPLETED,False
apache,hadoop-ozone,Apache Hadoop Ozone Main,[],public,False,,,
apache,apache_incubator-iotdb,Apache IoTDB (incubating) Project Parent POM,[],public,False,https://github.com/apache/incubator-iotdb,,
apache,apache_isis,Apache Isis (Aggregator),[],public,False,https://github.com/apache/isis,,
onap,onap_dcaegen2-analytics-tca,dcaegen2-analytics-tca,[],public,False,,,
onap,onap_dcaegen2-analytics-tca-gen2,dcaegen2-analytics-tca-gen2,[],public,False,,,
onap,onap_dcaegen2-collectors-restconf,dcaegen2-collectors-restconf,[],public,False,,,
onap,onap_dcaegen2-collectors-snmptrap,dcaegen2-collectors-snmptrap,[],public,False,,,
onap,onap_dcaegen2-collectors-ves,dcaegen2-collectors-ves,[],public,False,,,
onap,onap_dcaegen2-collectors-hv-ves,dcaegen2-collectors-veshv,[],public,False,,,
onap,onap_portal-sdk,portal-sdk,[],public,False,,,
apache,apache_incubator-tamaya,Apache Tamaya Base,['tamaya'],public,False,https://github.com/apache/incubator-tamaya,,
apache,apache_incubator-tamaya-extensions,Apache Tamaya Extensions,['tamaya'],public,False,https://github.com/apache/incubator-tamaya-extensions,,
onap,onap_policy-api,policy-api,[],public,False,,,
onap,onap_aaf-authz,aaf-authz,[],public,False,,,
apache,apache_sling-org-apache-sling-junit-teleporter,Apache Sling JUnit Tests Teleporter,['sling'],public,False,https://github.com/apache/sling-org-apache-sling-junit-teleporter,,
apache,apache_sling-org-apache-sling-xss,Apache Sling XSS Protection API,['sling'],public,False,https://github.com/apache/sling-org-apache-sling-xss,,
onap,onap_modeling-etsicatalog,modeling-etsicatalog,[],public,False,,,
onap,onap_policy-drools-pdp,policy-drools-pdp,[],public,False,,,
apache,apache_sling-org-apache-sling-app-cms,Apache Sling - CMS,['sling'],public,False,https://github.com/apache/sling-org-apache-sling-app-cms,,
onap,onap_aai-data-router,aai-data-router,[],public,False,,,
apache,apache_sling-org-apache-sling-jcr-repoinit,Apache Sling Repoinit JCR,['sling'],public,False,https://github.com/apache/sling-org-apache-sling-jcr-repoinit,,
apache,apache_sling-org-apache-sling-testing-sling-mock,Apache Sling Testing Sling Mock,['sling'],public,False,https://github.com/apache/sling-org-apache-sling-testing-sling-mock,,
apache,apache_sling-org-apache-sling-junit-core,Apache Sling JUnit Core,['sling'],public,False,https://github.com/apache/sling-org-apache-sling-junit-core,,
apache,apache_sling-org-apache-sling-feature-modelconverter,Apache Sling Feature Model Converter,['sling'],public,False,https://github.com/apache/sling-org-apache-sling-feature-modelconverter,,
apache,apache_sling-org-apache-sling-file-optimization,Apache Sling File Optimization,['sling'],public,False,https://github.com/apache/sling-org-apache-sling-file-optimization,,
apache,apache_sling-org-apache-sling-fsresource,Apache Sling File System Resource Provider,['sling'],public,False,https://github.com/apache/sling-org-apache-sling-fsresource,,
apache,apache_sling-org-apache-sling-auth-form,Apache Sling Form Based Authentication,['sling'],public,False,https://github.com/apache/sling-org-apache-sling-auth-form,,
onap,onap_policy-models,policy-models,[],public,False,,,
apache,apache_openmeetings,Openmeetings,[],public,False,https://github.com/apache/openmeetings,,
apache,jspwiki-builder,Apache JSPWiki,[],public,False,,,
apache,apache_sling-org-apache-sling-jobs,Apache Sling Jobs Support,['sling'],public,False,https://github.com/apache/sling-org-apache-sling-jobs,,
apache,apache_sling-org-apache-sling-launchpad-base,Apache Sling Launchpad Base,['sling'],public,False,https://github.com/apache/sling-org-apache-sling-launchpad-base,,
apache,apache_sling-org-apache-sling-launchpad-integration-tests,Apache Sling Launchpad Integration Tests,['sling'],public,False,https://github.com/apache/sling-org-apache-sling-launchpad-integration-tests,,
apache,apache_sling-org-apache-sling-launchpad-test-services,Apache Sling Launchpad Testing Services,['sling'],public,False,https://github.com/apache/sling-org-apache-sling-launchpad-test-services,,
apache,apache_sling-org-apache-sling-tracer,Apache Sling Log Tracer,['sling'],public,False,https://github.com/apache/sling-org-apache-sling-tracer,,
apache,apache_sling-maven-launchpad-plugin,Apache Sling Maven Launchpad Plugin,['sling'],public,False,https://github.com/apache/sling-maven-launchpad-plugin,,
apache,apache_sling-maven-plugin,Apache Sling Maven Plugin Reactor,['sling'],public,False,https://github.com/apache/sling-maven-plugin,,
apache,apache_sling-org-apache-sling-models-impl,Apache Sling Models Implementation,['sling'],public,False,https://github.com/apache/sling-org-apache-sling-models-impl,,
apache,apache_sling-org-apache-sling-models-integration-tests,Apache Sling Models Integration Tests,['sling'],public,False,https://github.com/apache/sling-org-apache-sling-models-integration-tests,,
onap,onap_aai-validation,aai-validation,[],public,False,,,
apache,apache_sling-org-apache-sling-api,Apache Sling API,['sling'],public,False,https://github.com/apache/sling-org-apache-sling-api,,
apache,apache_sling-org-apache-sling-auth-core,Apache Sling Authentication Service,['sling'],public,False,https://github.com/apache/sling-org-apache-sling-auth-core,,
apache,apache_sling-org-apache-sling-bundleresource-impl,Apache Sling Bundle Resource Provider,['sling'],public,False,https://github.com/apache/sling-org-apache-sling-bundleresource-impl,,
apache,apache_sling-org-apache-sling-clam,Apache Sling Clam,['sling'],public,False,https://github.com/apache/sling-org-apache-sling-clam,,
apache,apache_sling-org-apache-sling-committer-cli,Apache Sling Committer CLI,['sling'],public,False,https://github.com/apache/sling-org-apache-sling-committer-cli,,
apache,apache_sling-org-apache-sling-commons-jcr-file,Apache Sling Commons JCR File,['sling'],public,False,https://github.com/apache/sling-org-apache-sling-commons-jcr-file,,
apache,apache_sling-org-apache-sling-commons-log,Apache Sling Commons Log,['sling'],public,False,https://github.com/apache/sling-org-apache-sling-commons-log,,
apache,apache_sling-org-apache-sling-commons-metrics,Apache Sling Commons Metrics,['sling'],public,False,https://github.com/apache/sling-org-apache-sling-commons-metrics,,
apache,JMeter,JMeter,[],public,False,,,
onap,onap_aai-cacher,aai-cacher,[],public,False,,,
onap,onap_aai-esr-server,aai-esr-server,[],public,False,,,
onap,onap_aai-event-client,aai-event-client,[],public,False,,,
onap,onap_aai-gizmo,aai-gizmo,[],public,False,,,
onap,onap_aai-graphadmin,aai-graphadmin,[],public,False,,,
onap,onap_aai-model-loader,aai-model-loader,[],public,False,,,
onap,onap_aai-resources,aai-resources,[],public,False,,,
onap,onap_aai-router-core,aai-router-core,[],public,False,,,
onap,onap_appc,appc,[],public,False,,,
onap,onap_sdc-sdc-be-common,sdc-be-common,[],public,False,,,
onap,org.onap.sdc.sdc-be-common:sdc-be-common-parent,sdc-be-common,[],public,False,,,
apache,commons-compress,Apache Commons Compress,[],public,False,,,
apache,apache-dolphinscheduler,dolphinscheduler,[],public,False,https://github.com/apache/incubator-dolphinscheduler,COMPLETED,False
apache,apache_sling-org-apache-sling-feature-io,Apache Sling Feature IO Module,['sling'],public,False,https://github.com/apache/sling-org-apache-sling-feature-io,,
onap,onap_optf-cmso,optf-cmso,[],public,False,,,
onap,onap_optf-has,optf-has,[],public,False,,,
onap,onap_optf-osdf,optf-osdf,[],public,False,,,
onap,onap_vvp-validation-scripts,vvp-validation-scripts,[],public,False,,,
onap,onap_sdc,sdc,[],public,False,,,
onap,onap_externalapi-nbi,externalapi-nbi,[],public,False,,,
apache,apache_sling-org-apache-sling-jcr-webdav,Apache Sling JCR WebDAV,['sling'],public,False,https://github.com/apache/sling-org-apache-sling-jcr-webdav,,
apache,apache_sling-org-apache-sling-jmx-provider,Apache Sling JMX Resource Provider,['sling'],public,False,https://github.com/apache/sling-org-apache-sling-jmx-provider,,
apache,apache_sling-org-apache-sling-distribution-journal,Apache Sling Journal based Content Distribution - Core bundle,['sling'],public,False,https://github.com/apache/sling-org-apache-sling-distribution-journal,,
apache,apache_sling-kickstart-maven-plugin,Apache Sling Kickstart Maven Plugin,[],public,False,https://github.com/apache/sling-kickstart-maven-plugin,,
onap,onap_multicloud-azure,multicloud-azure,[],public,False,,,
onap,onap_aaf-certservice,aaf-certservice,[],public,False,,,
onap,onap_aai-aai-common,aai-aai-common,[],public,False,,,
onap,onap_aai-babel,aai-babel,[],public,False,,,
onap,onap_dcaegen2-platform-mod-onboardingapi,dcaegen2-platform-mod-onboardingapi,[],public,False,,,
onap,onap_dcaegen2-platform-mod-runtimeapi,dcaegen2-platform-mod-runtimeapi,[],public,False,,,
onap,onap_dcaegen2-platform-oti-event-handler,dcaegen2-platform-oti-event-handler,[],public,False,,,
onap,onap_dcaegen2-platform-plugins,dcaegen2-platform-plugins,[],public,False,,,
onap,onap_dcaegen2-platform-policy-handler,dcaegen2-platform-policy-handler,[],public,False,,,
onap,onap_dcaegen2-services-datalake-handler,dcaegen2-service-datalake-handler,[],public,False,,,
onap,onap_dcaegen2-services-datalake-handler-jess,dcaegen2-service-datalake-handler,[],public,False,,,
onap,onap_dcaegen2-services-heartbeat,dcaegen2-services-heartbeat,[],public,False,,,
onap,onap_dcaegen2-services-mapper,dcaegen2-services-mapper,[],public,False,,,
apache,ant-master,Apache Ant,[],public,False,,,
onap,onap_vfc-nfvo-lcm,vfc-nfvo-lcm,[],public,False,,,
onap,onap_ccsdk-cds,CDS Parent,[],public,False,,,
onap,onap_policy-common,policy-common,[],public,False,,,
onap,onap_policy-drools-applications,policy-drools-applications,[],public,False,,,
onap,onap_policy-xacml-pdp,policy-xacml-pdp,[],public,False,,,
apache,apache_ofbiz-plugins,ofbiz-plugins,[],public,False,https://github.com/apache/ofbiz-plugins,,
apache,apache_sling-org-apache-sling-scripting-thymeleaf,Apache Sling Scripting Thymeleaf,['sling'],public,False,https://github.com/apache/sling-org-apache-sling-scripting-thymeleaf,,
apache,poi-parent,Apache POI - the Java API for Microsoft Documents,[],public,False,,,
apache,apache_incubator-ratis,Apache Ratis,[],public,False,https://github.com/apache/incubator-ratis,COMPLETED,False
onap,onap_dmaap-dbcapi,dmaap-dbcapi,[],public,False,,,
apache,apache_sling-org-apache-sling-testing-clients,Apache Sling Testing Clients,['sling'],public,False,https://github.com/apache/sling-org-apache-sling-testing-clients,,
apache,apache_struts,Struts 2,[],public,False,https://github.com/apache/struts,,
apache,servicecomb-toolkit,Apache ServiceComb Toolkit,['servicecomb'],public,False,,,
apache,apache_ofbiz-framework,ofbiz-framework,['ofbiz'],public,False,https://github.com/apache/ofbiz-framework,,
onap,onap_aai-search-data-service,aai-search-data-service aggregate pom,[],public,False,,,
apache,apache_sling-org-apache-sling-servlets-get,Apache Sling Default GET Servlets,['sling'],public,False,https://github.com/apache/sling-org-apache-sling-servlets-get,,
onap,onap_logging-analytics-pomba-pomba-aai-context-builder,pomba-aai-context-builder,[],public,False,,,
onap,onap_logging-analytics-pomba-pomba-audit-common,pomba-audit-common,[],public,False,,,
onap,onap_logging-analytics-pomba-pomba-context-aggregator,pomba-context-aggregator,[],public,False,,,
onap,onap_logging-analytics-pomba-pomba-network-discovery-context-builder,pomba-network-discovery-context-builder,[],public,False,,,
onap,onap_logging-analytics-pomba-pomba-sdc-context-builder,pomba-sdc-context-builder,[],public,False,,,
apache,apache_plc4x,PLC4X,[],public,False,https://github.com/apache/plc4x,,
apache,apache_incubator-tamaya-sandbox,Apache Tamaya Sandbox,['tamaya'],public,False,https://github.com/apache/incubator-tamaya-sandbox,,
onap,onap_so-libs,so-libs,[],public,False,,,
onap,onap_aai-schema-service,aai-schema-service,[],public,False,,,
apache,commons-geometry,Apache Commons Geometry,[],public,False,,,
onap,onap_dcaegen2-services-prh,dcaegen2-services-prh,[],public,False,,,
onap,onap_dcaegen2-services-sdk,dcaegen2-services-sdk,[],public,False,,,
onap,onap_dcaegen2-services-son-handler,dcaegen2-services-son-handler,[],public,False,,,
apache,apache_sling-whiteboard,Apache Sling Whiteboard (Builder),['sling'],public,False,https://github.com/apache/sling-whiteboard,,
apache,apache_sling-org-apache-sling-distribution-core,Apache Sling Distribution Core,['sling'],public,False,https://github.com/apache/sling-org-apache-sling-distribution-core,,
apache,apache_sling-org-apache-sling-testing-serversetup,Apache Sling Server Setup Tools,['sling'],public,False,https://github.com/apache/sling-org-apache-sling-testing-serversetup,,
apache,apache_sling-org-apache-sling-serviceusermapper,Apache Sling Service User Mapper,['sling'],public,False,https://github.com/apache/sling-org-apache-sling-serviceusermapper,,
apache,apache_sling-org-apache-sling-servlet-helpers,Apache Sling Servlet Helpers,['sling'],public,False,https://github.com/apache/sling-org-apache-sling-servlet-helpers,,
apache,apache_sling-org-apache-sling-servlets-resolver,Apache Sling Servlets Resolver,['sling'],public,False,https://github.com/apache/sling-org-apache-sling-servlets-resolver,,
apache,apache_sling-slingstart-maven-plugin,Apache Sling SlingStart Maven Plugin,['sling'],public,False,https://github.com/apache/sling-slingstart-maven-plugin,,
apache,apache_sling-org-apache-sling-testing-jcr-mock,Apache Sling Testing JCR Mock,['sling'],public,False,https://github.com/apache/sling-org-apache-sling-testing-jcr-mock,,
apache,apache_sling-org-apache-sling-testing-osgi-mock,Apache Sling Testing OSGi Mock,['sling'],public,False,https://github.com/apache/sling-org-apache-sling-testing-osgi-mock,,
apache,apache_sling-org-apache-sling-testing-paxexam,Apache Sling Testing PaxExam,['sling'],public,False,https://github.com/apache/sling-org-apache-sling-testing-paxexam,,
apache,apache_sling-org-apache-sling-testing-resourceresolver-mock,Apache Sling Testing Resource Resolver Mock,['sling'],public,False,https://github.com/apache/sling-org-apache-sling-testing-resourceresolver-mock,,
onap,onap_dmaap-datarouter,dmaap-datarouter,[],public,False,,,
onap,onap_integration-pnf-simulator,integration-pnf-simulator,[],public,False,,,
onap,onap_integration-simulators-pnf-simulator,integration-pnf-simulator,[],public,False,,,
apache,apache_sling-scriptingbundle-maven-plugin,scriptingbundle-maven-plugin,['sling'],public,False,https://github.com/apache/sling-scriptingbundle-maven-plugin,,
onap,onap_aai-sparky-be,aai-sparky-be,[],public,False,,,
onap,onap_dcaegen2-services-pm-mapper,dcaegen2-services-pm-mapper,[],public,False,,,
onap,onap_clamp,clamp,[],public,False,,,
apache,roller-master,Roller,[],public,False,,,
apache,milagro,Apache Milagro,[],public,False,,,
apache,apache_sling-org-apache-sling-scripting-jsp-taglib,Apache Sling Scripting JSP Tag Library,['sling'],public,False,https://github.com/apache/sling-org-apache-sling-scripting-jsp-taglib,,
onap,onap_portal,portal,[],public,False,,,
onap,onap_multicloud-framework-artifactbroker,multicloud-framework-artifactbroker,[],public,False,,,
apache,apache_incubator-milagro-MPC,apache_incubator-milagro-MPC,[],public,False,https://github.com/apache/incubator-milagro-MPC,COMPLETED,False
onap,onap_logging-analytics,logging-analytics,[],public,False,,,
onap,onap_ccsdk-apps,ccsdk-apps,[],public,False,,,
onap,onap_ccsdk-dashboard,ccsdk-dashboard,[],public,False,,,
apache,apache_sling-org-apache-sling-discovery-oak,Apache Sling Oak-Based Discovery Service,['sling'],public,False,https://github.com/apache/sling-org-apache-sling-discovery-oak,,
apache,knox-gateway,gateway,[],public,False,,,
onap,onap_vfc-nfvo-wfengine-activiti-extension,vfc-nfvo-wfengine-activiti-extension,[],public,False,,,
onap,onap_ccsdk-features,ccsdk-features,[],public,False,,,
onap,onap_dcaegen2-platform-inventory-api,dcaegen2-platform-inventory-api,[],public,False,,,
onap,onap_sdnc-apps,sdnc-apps,[],public,False,,,
onap,onap_cli,cli,[],public,False,,,
apache,pdfbox-reactor,Apache PDFBox,[],public,False,,,
onap,onap_ccsdk-sli-adaptors,ccsdk-sli-adaptors,[],public,False,,,
onap,onap_ccsdk-sli-core,ccsdk-sli-core,[],public,False,,,
onap,onap_ccsdk-sli-northbound,ccsdk-sli-northbound,[],public,False,,,
onap,onap_dcaegen2-collectors-datafile,dcaegen2-collectors.datafile,[],public,False,,,
onap,onap_vfc-nfvo-driver-vnfm-gvnfm-gvnfmadapter,vfc-nfvo-driver-vnfm-gvnfm-gvnfmadapter,[],public,False,,,
apache,apache_sling-org-apache-sling-discovery-base,Apache Sling Discovery Base,['sling'],public,False,https://github.com/apache/sling-org-apache-sling-discovery-base,,
apache,apache_sling-org-apache-sling-discovery-commons,Apache Sling Discovery Commons,['sling'],public,False,https://github.com/apache/sling-org-apache-sling-discovery-commons,,
apache,apache_sling-org-apache-sling-engine,Apache Sling Engine Implementation,['sling'],public,False,https://github.com/apache/sling-org-apache-sling-engine,,
apache,apache_sling-org-apache-sling-event,Apache Sling Event Support,['sling'],public,False,https://github.com/apache/sling-org-apache-sling-event,,
apache,apache_sling-org-apache-sling-feature,Apache Sling Feature,['sling'],public,False,https://github.com/apache/sling-org-apache-sling-feature,,
apache,apache_sling-org-apache-sling-feature-launcher,Apache Sling Feature Launcher,['sling'],public,False,https://github.com/apache/sling-org-apache-sling-feature-launcher,,
apache,apache_sling-org-apache-sling-feature-analyser,Apache Sling Feature Model Analyser,['sling'],public,False,https://github.com/apache/sling-org-apache-sling-feature-analyser,,
apache,org.apache.nemo:nemo-project,Nemo Project,[],public,False,https://github.com/apache/incubator-nemo,,
onap,onap_aai-spike,aai-spike,[],public,False,,,
onap,onap_aai-traversal,aai-traversal,[],public,False,,,
onap,onap_vid,vid,[],public,False,,,
onap,onap_dmaap-messagerouter-messageservice,dmaap-messagerouter-messageservice,[],public,False,,,
onap,onap_vfc-gvnfm-vnfres-res,vfc-gvnfm-vnfres-res,[],public,False,,,
onap,onap_vnfsdk-functest,vnfsdk-functest,[],public,False,,,
onap,onap_ccsdk-sli-plugins,ccsdk-sli-plugins,[],public,False,,,
onap,onap_holmes-engine-management,holmes-engine-management,[],public,False,,,
onap,onap_holmes-rule-management,holmes-rule-management,[],public,False,,,
apache,apache_sling-jspc-maven-plugin,Apache Sling JSPC Maven Plugin,['sling'],public,False,https://github.com/apache/sling-jspc-maven-plugin,,
onap,onap_msb-apigateway,msb-apigateway,[],public,False,,,
onap,onap_vnfsdk-ves-agent,vnfsdk-ves-agent-vesjavalibrary,[],public,False,https://github.com/onap/vnfsdk-ves-agent,,
onap,onap_music,MUSIC,[],public,False,,,
onap,onap_vfc-gvnfm-vnflcm-lcm,vfc-gvnfm-vnflcm-lcm,[],public,False,,,
onap,onap_vvp-test-engine,vvp-test-engine,[],public,False,,,
apache,apache_sling-org-apache-sling-commons-threads,Apache Sling Commons Threads,['sling'],public,False,https://github.com/apache/sling-org-apache-sling-commons-threads,,
onap,onap_holmes-common,holmes-common,[],public,False,,,
onap,onap_msb-discovery,msb-discovery,[],public,False,,,
onap,onap_msb-java-sdk,msb-java-sdk,[],public,False,,,
onap,onap_vfc-nfvo-multivimproxy,vfc-nfvo-multivimproxy,[],public,False,,,
onap,onap_vfc-nfvo-driver-vnfm-svnfm-zte,vfc-nfvo-driver-vnfm-svnfm-zte,[],public,False,,,
apache,apache_sling-org-apache-sling-testing-rules,Apache Sling Testing Rules,['sling'],public,False,https://github.com/apache/sling-org-apache-sling-testing-rules,,
apache,apache_sling-org-apache-sling-commons-testing,Apache Sling Testing Utilities,['sling'],public,False,https://github.com/apache/sling-org-apache-sling-commons-testing,,
apache,apache_sling-slingfeature-maven-plugin,Apache Sling OSGi Feature Maven Plugin,['sling'],public,False,https://github.com/apache/sling-slingfeature-maven-plugin,,
apache,apache_sling-org-apache-sling-commons-scheduler,Apache Sling Commons Scheduler Support,['sling'],public,False,https://github.com/apache/sling-org-apache-sling-commons-scheduler,,
apache,apache_sling-org-apache-sling-feature-cpconverter,Apache Sling Content Package to Feature Model converter,['sling'],public,False,https://github.com/apache/sling-org-apache-sling-feature-cpconverter,,
apache,apache_sling-org-apache-sling-caconfig-impl,Apache Sling Context-Aware Configuration Implementation,['sling'],public,False,https://github.com/apache/sling-org-apache-sling-caconfig-impl,,
apache,apache_sling-org-apache-sling-servlets-post,Apache Sling Default POST Servlets,['sling'],public,False,https://github.com/apache/sling-org-apache-sling-servlets-post,,
onap,onap_vfc-nfvo-driver-vnfm-gvnfm-juju,vfc-nfvo-driver-vnfm-gvnfm-juju-vnfmadapter,[],public,False,,,
onap,onap_dmaap-messagerouter-dmaapclient,dmaap-messagerouter-dmaapclient,[],public,False,,,
onap,onap_ccsdk-platform-plugins,ccsdk-platform-plugins,[],public,False,,,
apache,apache_sling-org-apache-sling-validation-core,Apache Sling Validation Framework Core Implementation,['sling'],public,False,https://github.com/apache/sling-org-apache-sling-validation-core,,
onap,onap_policy-apex-pdp,policy-apex-pdp,[],public,False,,,
onap,onap_logging-analytics-pomba-pomba-sdnc-context-builder,pomba-sdnc-context-builder,[],public,False,,,
onap,onap_sdc-sdc-distribution-client,sdc-sdc-distribution-client,[],public,False,,,
onap,onap_multicloud-openstack-vmware,multicloud-openstack-vmware-root,[],public,False,,,
apache,apache_sling-org-apache-sling-feature-extension-apiregions,Sling Featuremodel - API Regions Exension,['sling'],public,False,https://github.com/apache/sling-org-apache-sling-feature-extension-apiregions,,
onap,onap_dmaap-messagerouter-msgrtr,dmaap-messagerouter-msgrtr,[],public,False,,,
onap,onap_sdc-sdc-workflow-designer,sdc-sdc-workflow-designer,[],public,False,,,
onap,onap_vnfsdk-validation,vnfsdk-validation,[],public,False,,,
onap,onap_vnfsdk-refrepo,vnfsdk-refrepo,[],public,False,,,
onap,onap_sdc-dcae-d-dt-be-main,sdc-dcae-d dt-be-main,[],public,False,,,
onap,onap_sdnc-northbound,sdnc-northbound,[],public,False,,,
onap,onap_sdc-dcae-d-ci,sdc-dcae-d ci tests,[],public,False,,,
onap,onap_sdc-dcae-d-dt-be-property,sdc-dcae-d-dt-be-property,[],public,False,,,
onap,onap_sdc-dcae-d-tosca-lab,sdc-dcae-d-tosca-lab,[],public,False,,,
onap,onap_sdc-sdc-tosca,sdc-tosca-jtosca,[],public,False,,,
onap,onap_vfc-nfvo-driver-svnfm-huawei,vfc-nfvo-driver-vnfm-svnfm-huawei,[],public,False,,,
onap,onap_dmaap-messagerouter-mirroragent,dmaap-messagerouter-mirroragent,[],public,False,,,
onap,onap_vfc-nfvo-catalog,vfc-nfvo-catalog,[],public,False,,,
onap,onap_vfc-nfvo-driver-vnfm-svnfm-nokiav2,vfc-nfvo-driver-vnfm-svnfm-nokiav2,[],public,False,,,
onap,onap_vfc-nfvo-resmanagement,vfc-nfvo-resmanagement,[],public,False,,,
onap,onap_so,so,[],public,False,,,
onap,onap_vfc-nfvo-driver-ems,vfc-nfvo-driver-ems,[],public,False,,,
onap,onap_vfc-nfvo-driver-sfc,vfc-nfvo-driver-sfc,[],public,False,,,
